id,name,link,flag
5cf14a5fd988ff035cc5b7bd,.exe,,
600c8060c7074056896fa660,501e_lauthian,,fr
5ff6fd4eb0f6601ed628529d,999Duke,,
5a512d8e3d0cb2034f57e7f4,A.Ham,,us
61134acf8618127de2a92db9,AJ,,
608b48247230f532c22730ea,AbtotsJMH,,
6000b74d3221db4611af3aac,Abysmall20,,
5fc48bab9e5c841198d005ec,Adalla,,
5ffcfbc8e5a00c465bb64a2d,Agent Rob,,
5ff478563932db328e629a7f,Agriculture2021,,
5ff6955d385ad41e5d889668,AirierWitch,,
5ff846c85c338011de35d075,Akreseus,,uk
6078c1a37230f532c2269b14,Alan_Tracy,,
60364e766e40911bb679b8ff,Alaric Kerensky,,us
5ff72ed17935c01e6ddbad21,Alboulcan,,
5ffbadaa7315631e666a7e46,Alcom,,us
6001ff4b0f249211922c369e,Alec,,
5ffce389d70593465597a1bc,Alek 8 Spartan,,
5ff4a6b9ba1b0c11a8f61eeb,Alex,,uk
5ffb398f3bc1da119f166a90,Alex,Alex (US Player),us
60c277e9a89e1827c4692f71,Alex95JJ,,
601336ab1f2dc011a748f780,Alto,,
608b4567cf99e72a16a95d7a,AnEpicPolarBear,,
6009f542b7d2a45692775e3c,Ando_Senpai,,
6025decfeee6d006dcab9a9b,Angasaur,,
60027c7ea7657b11945bef8a,AngerBang,,
6019ca3c242f461d921036b8,Animalo,,
5ff6223922c5cd77e8a78db1,Anishor,,us
603594d7a933c71d159e199f,Anonymous_User_4,,
5ff5f3deaafd0558a068471d,Arcadinal,,
60f04c7dc0674372f6bb06f1,Ares,,
6009994e48a91b5795e57ad8,Aresius,,
5ff4c8918d443f7e3c62fa89,Arios,,
5ff4a526fba0401180fcdabb,Ascnd,,br
601da48295780078daf3e43b,Ashton313,,
5ff4c8d39ddc62118db7acf6,Asiavision,,
6090895e533be611d5c2697d,Athlete,,us
5ff4f886ba1b0c11a8f62169,Audson,,
5ff6000909419e7852b9b7a4,AvengerOne,,ca
5ff4c5ff63cc041186bbd5c3,BARON,,us
60f0b907fed3465f9bab7855,BIKER_BUGGS,,
5ff6299c95ad3a0a9a1f5f56,BWONeill,,
5ff8297920c23111fa322341,BaaWeeR10,,uk
6032ce9eab06a0211d5833e5,Babouliné,,
60560c85f9126616150af89c,Babuski,,
5ff568fd4f8d38117e82545e,BadAsBob,,
60c0097d1fb30a26a0ea37f8,Ban,,
606e7ba02a7af81040b439db,BananaBilk,,
601f4c6d95780078daf3f9f4,Banhammer,,
6173ac8904d5dc115c751381,Bardack245,,it
60088b4abcc5ed463734331b,BaronRoux,,
5ff52050ffbe666f1fae21b9,Basscor,,
5ff8afc48b70a211e4036a8c,Batdad9918,,
60648cad7230f532c225f8f2,BathWaterPizza,,
5ff8af6a485d35117bf7a15f,Batmanswife2415,,
5c90b6f09cd3cd0313919212,BawangByte,,
608b9628ef449e2156a6dd77,Beamish653,,
5ff52882cc1f0b11b8c4c8ed,Benofficial,,
6054c056c4c82011b9ebf9bc,Benofficial,,
60f0d342fdc1a246eec09f50,Biggles,,au
5ff4de075bdf2a1197cc432f,Bkup,,
5ff76954bd3cd51eeee6b852,BlackOpsBen,,
608740f5a0dc303c7a4043e5,Blackjack,,
603805de9f5d1f1e861608b9,Blazingstorm43,,
5ff5b2111548ce11847dd755,Blitzkreiger2012,,
6038229a8106082aed11c08a,Boceifus,,us
5ff7b097e3915011b110f539,Bong_lebro,,
60927c31ef449e2156a70d7d,Boolersss,,
5ffc74b20caea5118d0cac13,Borg96022,,
5ff52a33316d6111a07d65b8,Boss Nass,,
5ff4c11efd124e11b18e18a2,BossTwee,,
5ff51c0bfba0401180fcde10,BrandonS101,,us
6008b60821dcf746cc8d4ddf,BravoLeader80,,
6048d1945249ec41b0b55c17,Briu9,,
5ff6548d585b360a7e9cf691,BrobaFett,,us
60943571a961e64b052dbaab,Broken T,,
60771a50938bed74f6eda808,Bronco001,,jp
6035eba0b328151e11b8e83b,Brother Monster,,
6035eaf5a933c71d159e1b5e,Brother Snuffleupagus,,
5ff4a8363932db328e629b5b,Brunas,,us
5ada77165ed255038b5bdf8a,Bulby37,,
600471dd8871c811bd653620,C'est canard délirant,,ca
5ff767b7585b360a7e9cfaa8,C6vetter,,
603a3aa4a933c71d159e3bde,Cactusdelamour,,
6050284541c26e4b6eb0586e,Cadu,,br
6025e4289afa8c76f953aadc,Calamity,,
5ff67bfd6ceb5c1dd421fad6,Call Of Banana,,
6005d94121754d11aefe0da3,Cannon Fodder,,
6043e8ec0ed3505158ad77f1,CaptainWenger,,
60490500a988aa3614ae4c1e,CapukkiOne,,it
5ffe614152e4a030c132954e,Chad Wyck,,ca
5ff78502737cc91ece843bfa,Chance,,
5ff933a58b84bd1ddd49f240,Charlie McShane,,uk
5ff5bb5ecfb32f1192b7f2d0,Checkurcloset,,
593620f223f76a03480403a3,Cheese,,
5ff641087315631e666a61fa,Chessur,,
60eb54881d46560c4a18058c,ChevalierNWJ,,
60f0f10a8847561158c929af,Chewbaccabra,,au
5ff4a3c0cc1f0b11b8c4c59a,Chile,,
5ff56d3c316d6111a07d6639,Chillst0rm,,
6084647c46fbe9181510ae31,Chrizz,,
5a2daf7fe346d2035ce74d63,Chua,,us
5ff76216585b360a7e9cfa94,Chukumojo,,
5ff8bef995ad3a0a9a1f6dad,Clam,,
6053a96dcd5e4513905a5600,ClarkFable,,
5ff798fdb0f6601ed6285647,CloudWalker,,fr
604903a40ec82133014ada9a,Cocco di Mamma,,
5ffba03fd6897111e7ba9e2d,Coldsnacks,,au
60f22cefdc33032a290f01da,CommanderOfPain,,
60283847713f29117f8d204b,CommanderTwenty,,
6008ab78744b0a6b0b49a0c1,Cooter_Cannon,,ca
5ffb581cc1200a1190e6b22e,CoreyLoses,,ca
5ffdc36021dcf746cc8d094c,Cornstarkk,,
5ff9153a3679271deafb71e8,CorporalP,,
5ff4a7c5aafd0558a068410e,Cortex,,
6143badac90cf775b5a4deb8,Cosmokaze,,us
6049287274553135a028ad97,CptHornet97,,
5ff949a3cae4461196a1abff,CrazyDeviant,,
60558d50f9126616150af260,CroMagnon86,,uk
60342d009781a52a0028813a,CrocBait,,
608a8fc9533be611d5c246db,Curro5150,,es
5ff4aa88aafd0558a068417c,CurtisMarauder,,
5ff786786ceb5c1dd422017b,CyberRaptor,,
6116160e7d829511b6bece99,Cynric,,au
61761f887833092d1240204a,DAI_KON,,jp
603a65642a7140117245b64b,DJ_Anuz,,
5ff53226d749de11a024d806,DStriK,,
5ff9161129f2f611b644af00,DUB C1987,,
5ff4939ed749de11a024d24b,DW-6617,,
600610f9a52e4911af080c7b,DaddyZilla8552,,us
5ffbaba40caea5118d0cab4f,Dallasdamoney,,
5fff72aa52e4a030c1329a4b,Damonstration,,
6038c220fb4bf611f08b2253,Dark Helmet3094,,
600b5cb79e4f29580d32c9eb,DarkRolando,,be
5ff96f20d6897111e7ba9497,DarkbladeG94,,uk
60306f2c779ba92a87dbedaa,DarthButcher,,ca
603a8098ee72581e976c0bd7,DarthMorkie,,
5ff781687935c01e6ddbaf10,DarthQ2,,
5ff5026d5bdf2a1197cc448b,Data4224,,
604e61ae896b587eb82502f3,Datenshi,,
5ff71a3fba75e41edff14e69,DawnFox,,
5ff4cc55cfb32f1192b7eed3,DazuTheDevastator,,
608491177230f532c226fb98,DazuTheDevastator,,
6052e4bdc456c349884fc894,Dead_Weight,,
5ff68257b0f6601ed6285107,DeathRabbits,,
603a7f17ba62671bc0b8c6b6,Debaser,,
60275577713f29117f8d14d7,Delta,,
5ff65a809940ff1e736a3bb3,Demonicturtl,,
609435c4934be111ac230a65,Derriam_Mereel,,
5ff61b269f77df119186fed5,Destracier,,
6028c3c8a9590411b437cc96,DeuceDropper,,
60918ea01708cc7b81549bee,Digglu,,
5ff4d69ab2ff2e1198392f4b,Dingo,,
5ff4a3efffbe666f1fae1e6a,Disco,,
60bffcc7c7ee5221ae276d27,DiscoDin0,,us
603a5d566e40911bb679de57,Djinn92,,us
5fff6f7fe5a00c465bb65baf,Doctor_Immunity,,
5ff4acb8fd124e11b18e1813,Dodger,,us
5ff4cf56b8bc532a0b43c6ad,DominoXYZ1461,,
6052e193f9c771402bc10c52,DoomheitK,,
6008bf84a299156a63c88ec5,DougDimmaDunks,,
5ff66eee8b84bd1ddd49df6f,Doyle,,
6008a256d9155d46db7f691b,Dr_Patches,,us
5fff6bd3fc96ba462beaaf3d,DragoTheWise,,us
5ff607bb09419e7852b9b8b8,DragonSharp,,us
5ff4c7f2b2ff2e1198392efe,Drakolich,,
60954bd098e50e11be1d121b,DressedAbyss272,,
5ff54a00aafd0558a0684595,Duck Twacy,,
5ff5737c9f77df119186f9b9,Dune,,
5ff7a2c7cae4461196a1a550,Dynasty,,uk
5ff932d59940ff1e736a4745,EckhartsLadder,,us
5ff4fb6f63cc041186bbd856,Eckpired,,ca
60b61a290072106f76db8995,Ego_Neco,,
5ffbb094b2178866c18c9da0,EightBallFTW,,us
6055e7045d3335549b4a676f,Eisenhorn,,
5ff671fa9940ff1e736a3cdf,Eledran,,us
60918507cf99e72a16a97cef,ElegantWeapon,,
5ff7374f8b84bd1ddd49e1ef,Elite Ember,,
60026ba3531ff911a4c395da,Elusive,,us
6008904e44c0d330cf76cf8b,Esoda,,us
5ff918fa78a43b11c3db709a,EsteeBestee,,
5ffa47e90de26c119072ef44,EvilColeslaw,,us
6008a248d9155d46db7f6919,EvilPepe,,us
6048aa03768562358a2fcb5f,Evoluz1one,,
602165b4e5c01375db7f718f,FOCA101,,
60911591a961e64b052da2c0,Falarius,,
5ff7866d9940ff1e736a4017,Falcon,,
5fff7c0bb8c581461deb537f,Falcon One,,us
5ff808c995ad3a0a9a1f6ac8,FamePlane,,us
5ff4a529cfb32f1192b7edbc,Faricho,,co
60c2f2b4964f59115db25879,FatboyHK,,hk
5ff4a971b8bc532a0b43c5b3,Fencar,,us
5ff612ee9f77df119186fe80,Flatulent_Rancor,,uk
607a2642c83a82118150d9f4,Flip,,
609374452a65fd118e2802ed,FlockOfGooses,,
5ff50c611548ce11847dd4b8,Floophead_III,,
5ffa69bf12f12811a6916803,FluFFyI,,
609115654941aa11e329acbb,Fluvius84,,
5ff4bd3c9f77df119186f4bd,FlyingLama,,fr
5ff4c15e4f8d38117e8250b1,FormerCity,,
5ff623c28d443f7e3c630616,FormulaRedline,,
5fd16ff2f2b2ef0cb211cf0a,Fortunerunner,,
5ff79a1928c5981dce1e81e9,Fox,,
611730576ec95b2f2aa7c505,Fox,,us
5ff63045d4da511e7f325149,Foxx MDM,,
60921967a0dc303c7a4080b2,Frair4,,au
5ffbc51a4a5f90119616969b,Frosty21,,us
600267b952e4a030c132a887,FubuAesthetic,,
600882c7e5a00c465bb6899b,Full_Monty85,,
5ff5b387cfb32f1192b7f2c5,Fuskendov,,
5ff4f81b4f8d38117e82528f,GRM Kentucky,,
5ff734f4bd3cd51eeee6b7ab,Gamecrusher447,,
5ff787c66ecbf60a8d0f72ec,Garrisoned,,
5ff605dd8d443f7e3c63051e,Gatt,,
60c4d85ff90361462e71a54d,GaullyP,,ca
5ff7f7716ceb5c1dd4220417,Gebralter,,
5ff6074322c5cd77e8a78d14,GekkoTheGreat81,,
60950b80c2a5fa119d1247d7,Genie,,
5ffa339a971fdb11ab5e65fe,Georgewhit,,
60759e66b91e767843649069,Ghostalker,,
5d0951aee7766e3db8d42b09,Gibbit,,
603903e2ce87e1120f5a1c6c,Gideon9696,,
609053286e526055f3bbc4c8,GilTheVlogsmith,,us
600952cedbafab567a6b4441,Gilbrush,,it
6037c9dca933c71d159e29d3,Gisornator,,de
60214de8507c147700acaf2b,GoatTheH,,
61a22eca4872e56a02ba2c58,Gold Ship,,jp
5ff5e101ba1b0c11a8f6257a,Gonk,,ru
6092e78eb84e6b11bdb8ba11,Graf_Lukas,,de
5ff4ce049f77df119186f51f,Grannden,,
6008e70848a91b5795e5784c,GreatBeef,,
6175ec4b6dcfe411f08b91cf,Gunslinger,,us
6004d72e0a5b3c55c03b3ce9,Gytheran,,
5ff8b70b0caea5118d0c93a6,H3RM1T_KR4B,,
616774e2546ece76a10f113b,HAILxSAGAN,,us
600242a8d179c811dc5cff5c,H_Von_Karajan,,
61152e55286cce5f6ffd66a2,Hail Lucoa-san,,jp
611155368319712eaed7c82f,Halfaship,,ca
5ff66fbb95ad3a0a9a1f628c,Halo lover,,
5ff51dd5cfb32f1192b7f07b,Hamati,,
60f0cc4858705f01471eb71d,Hawke,,
6002098a805ce6118d4314e6,Hazmat,,
60847a105652d811a322aabd,HeccTheFifth,,
5ff5f833aafd0558a06847a5,Heller,,us
601e8ae0eee6d006dcab5cf5,Heresy,,gr
5ff50040d749de11a024d74c,Hiro,,
60c38c4fcbbf19113c489373,Hobbes_AU,,au
5e961fd0241618108ee152ee,Hod,,us
603a83d5f9963411ea68ec2a,Hollywood,,
6008bdcfbcc5ed4637343a77,Honsou,,uk
6034c55c3cc6e32afb731c7d,Hoon,,
5ff85e2e78a43b11c3db6dc6,Hub,,uk
60c76d3b2278f246c10fbca4,HudsonA08,,ca
5ff49615b2ff2e11983929a9,IIVIIedved,,
5ff47a448d443f7e3c62f643,Ianir,,us
5ae11642c613680377ea9fb6,IceCleric,,us
5fffe8d144c0d330cf769924,IceManHG,,
5ffbaf1cba75e41edff165de,Icomboformeth,,
5ff4ce83fd124e11b18e18e0,InocentDictator,,us
5ff4d656aafd0558a068427f,Irish,,
5f328d5e8a94d511b1d6711f,Iron_General7,,
60c2cd3a6799471146a97acb,Isaiamov,,us
6008b14d6390746abac98e79,Islif,,
5ff4ba733932db328e629c2f,JC,,ca
6196a9738025377ebccb8769,JFick7,,us
609436a7ef449e2156a71fba,JJRPIII,,
5ff9ca454f69bb119bf638e9,JMNeal86,,
6171f7326bfaf4737fe889a8,Jaccombrello,,it
5ff5f3f963cc041186bbdc49,Jack From Virtual Essays,,ca
6074c1425100561142e38333,JackSpartan15,,
61457b8940cb7a116a05f512,Jackel,,us
600886040a5b3c55c03b503c,Jackson,,us
61153a948618127de2a93819,Jack＿Norissun,,
604e632f78e7e13a7c99527b,Jaeger,,br
5ff4fe29fba0401180fcdd31,Jagsba,,
5ff48514b8bc532a0b43c494,JamesGamesUK,,
60031afe97e2ce11f20077fb,Jared_BR4M,,
5ff4eec7316d6111a07d6352,Jareen,,us
609583de5652d811a323284b,Jarneb,,
60e80b5717f7213e5df7ff75,Jason,,
5ffc8cbcc61414118dc92e31,Jay_Demo7,,
5ff618eb984b93119ee08f78,Jello Knight,,
60390df04a2bcd1d1ba03d17,Jersey,,us
5ff48812ffbe666f1fae1deb,Jester,,us
60884f75a0dc303c7a40486c,JewBacca,,
601f102d81274f06fae28ea3,Jido Vondar,,
60c4a7b8af2405114528d986,JihoSSJ5,,
6015c888a03aa877c59a9f03,Jishiiqua,,us
601da48181274f06fae27cc9,Joe Plaice,,
601ebd3d8d0fda781fa4ae42,JohanChimpo2099,,
619ecf6aeaeba91cc51589ce,Johnny,,au
60c152bc32e6503185659e05,JonathanJol,,
5ff697dd7315631e666a6561,Juter,,us
601f6bc6877ddf06e7e77282,K-2S0,,
6023c59069d6e07711a4f517,KEBLAOMEGA,,
5ff7a3bb78a43b11c3db6bcc,Kale_Regan,,
5ffe2aebfc96ba462beaa6c1,Kall,,
6025be8769d6e07711a5041b,Kamisen85,,
5ff5770063cc041186bbdb15,Kashna,,
5ff6550b7935c01e6ddba8c2,Kenobi,,
5ff54c62cfb32f1192b7f1e0,Keplinstine,,
60923a78ef449e2156a70b7b,Kerim_77_xD,,
608775ce533be611d5c23110,Keydet,,
600883c052e4a030c132c6d1,Khaos-Stranix,,
60089c8c440b3046d204d472,Khulgar,,
60f2f1b950dfc41151d23431,KitstersRight,,
5ff64e618b84bd1ddd49de9c,Knight,,uk
6008b006f16cbe131b82c3a5,Korbalt-60,,ca
6078a308e259231ebcff07d9,Korbos_Linkcon,,
5ff4ea66aafd0558a0684302,Korlath,,
5ff56607fd124e11b18e1c77,KrakenHunter,,
5ff60086984b93119ee08efa,Kriegzilla,,us
6002ee6d5acb11119615c874,Krongarth,,
6054b8e8967526019ea5852e,Krrrsantan,,us
5ff6a1e1b0f6601ed628516f,Ky3271,,
5ff4d714fba0401180fcdbc1,Kyle Ren,,
5ff56e849ddc62118db7b041,Kyrality,,
5ff4ce804f8d38117e82513a,L0PEZg,,
60381b886e40911bb679c858,LBT,,us
6084d8585652d811a322af83,LIONS,,uk
5ff646ce6ecbf60a8d0f6d3d,LOAIZA117,,
600b59309e4f29580d32c9db,LaLik9,,
5e33ba2f7316944d0c88486b,Lacrdc,,
6000baf8a0221b46ec5982c6,Lame Duck,,
600b5ae848e0d1119587e937,Lancelot,,
5ff4b6b83932db328e629bbd,Lancer,,us
5ff66db6d4da511e7f3253e9,Latvian,,
605421592c30411202743ae6,LeWater,,
5ff4a882984b93119ee0888d,LeaphChausew,,
603568dbba62671bc0b89407,Lemming,,uk
5ff4e4429f77df119186f574,LetDaW00kieeWin,,
5ffdd23227713946710cf169,Lifted,,ca
6025e1fed200f906d6ed147d,Lilipop,,
5f92d74e6b2a1e11b8a141be,Liven,,fr
6049f3c29b5406339b64c7e8,LolAsdOmgWtfAfk,,it
5ff4ef1a316d6111a07d6354,Lonely Driver,,
5ff72c536ceb5c1dd421fd7d,LordBane,,ca
5ff51829b8bc532a0b43c885,LordN1bbles,,
5ff4d326ffbe666f1fae1f97,Louie The Maaan,,
600b685493f80a11a824789f,Loumeun,,fr
5ffc8f978b84bd1ddd49fd7c,Luca,Luca (FR Player),fr
5ff581f1fba0401180fcdfdb,LuckiestDuckling,,us
60464c091559504e99ac3744,Luma,,us
5ff50c1ab2ff2e119839327e,Lumi,,
601deddeb2a84475ad0985d3,Lyekin,,
5ff7cabaf85519119c6ecef1,M0davader,,
60896519b84e6b11bdb87f75,MMK602,,
5ff7d890d87a0811f0cc791c,Macklunky,,us
606c3e77938bed74f6ed50fe,MagnoMoose,,
5ff70c17ba75e41edff14da4,Major0akk,,
60c11c861fb30a26a0ea3e6d,Mand'alor,,
5ff52d3f4f8d38117e8253cf,Mangocaine,,
604907d041489133a403798e,Marcos Olmedo,,
5ff4c5e74f8d38117e8250de,Marineballer,,de
6008a6d7f16cbe131b82c376,MarsKnight,,uk
604c8171cbd09156d261b442,Mattia-San,,
5ff48e14316d6111a07d5fc8,Matticus_Rex1988,,us
5ff509b3316d6111a07d6522,Mattman7306,,
5ff616989f77df119186fea2,Mauls,,
5ff50b944f8d38117e825358,Mauser Teleri,,
6041ce41581b6111c21a248b,Mblematic,,
5ff7a2d5b0f6601ed628577c,McAce,,
5ff79af4c184ed1e77d3f77c,Meaty_Yogurt,,
5ffc9764385ad41e5d88be07,MechaJesus,,uk
5ff785a37935c01e6ddbaf3a,Medik55,,us
6020ffe88d0fda781fa4c04b,MegamorT,,ch
5d6ae824f432d53778562584,MemeStreams,,us
6043ae09e563ed4f24bf7593,MemeStreams,,us
5ff4b8e1ba1b0c11a8f61f90,Menold420,,
5ff57ce94f8d38117e825477,MercenaryHG,,
5ff5613caafd0558a06845b4,Merryface,,uk
60357c9befd99c1d244f9909,Meteor,,
5ff776fe585b360a7e9cfae4,Mezmerak,,
5ffb4015971fdb11ab5e67ca,MildMisanthropy,,us
6021515be9712c7839e5d1fd,Mine_Fett,,us
5ff5c91463cc041186bbdba4,Minor7th,,us
5ff7b4a3aae4d311a5828da5,Mistwizard,,
5ff47aa6fba0401180fcd9c6,MiztaZiggy,,uk
5ff4d576fd124e11b18e191d,MoTheRapper,,
5ff48a8363cc041186bbd38c,MommaFen,,
5ff6d637bd3cd51eeee6b6e0,Mondovich,,
6039bde94f6fac1df169c97b,Monty_AV,,us
5ffb329724e85811adaa2fab,Mooduck101,,
5ff60cb5316d6111a07d6972,Morg,,ca
5ff4f721ffbe666f1fae20b1,Mountysdelight,,
6056030451f8ad163559fbc4,Mr Mister8845,,
5ff79fd7bd3cd51eeee6ba82,MrBigBrainThe2nd,,ca
5ffa5d47f3e39311c6cefd9b,MrMayhem,,
600882e452e4a030c132c6c3,MrTheMilkman,,
6048e807a988aa3614ae45e5,Mystnart,,it
5ef514c7ab27634efa2f2912,N0V0w3ls,,
564f7551af08b6480067c18c,NPC Squadron,,
6026ca9cddb0cc11c94e438a,Nail-Z,,
6084879e0a6666119d691ecc,Namistay,,
5ff492758d443f7e3c62f68d,Nar'cyst,,us
603a7f61130bed11d046c324,Nat067han,,uk
5ffe0a6ce5a00c465bb6524e,Nax,,
606960dc1dc5b905e3c12abd,Nemarus,,us
6069630decc12e2f213f0419,Nemarus,,us
60088f0a997f9d466432cdcd,Nesdass,,
6028462deee6d006dcabaf58,NexusWolfguard,,
602f001d9419d30c837b80ca,NightsEye,,
5ff6422b737cc91ece843512,Nike,,
5ff78b9b7315631e666a6d3b,Nimmrote,,
6035c9944f6fac1df169b11a,Nobear,,us
610da0571c87ad11532672ea,NomLumb,,
604a186512f5fd360c9bc307,Nosfigatu,,
601cd3d0945ba61bbd9b68dc,Not Tom,,us
5ff73bfdc184ed1e77d3f42b,Null,,
5ffcba058b84bd1ddd49fdd9,OSIDIUS,,
6036e7114f6fac1df169b6b7,ObiGunKenobi333,,
60861e5afe869e359193bc52,ObiShawnKenobi,,
5ff5cef8cfb32f1192b7f31f,Obsidianglorypot,,
5ffb32a3c0a8b611b8b55407,OlduvaiH,,
5ff70f238b383a1e5798b450,Optics,,
5ff4bb8b316d6111a07d623d,Optimisticist,,
60088f39440b3046d204d394,Orion,,
6000f26e88fa4d11e54652eb,Osiris,,
60e346ad0c9c9b4d57034b92,Owl Capone,,
5ff7e246d4da511e7f325cd0,PAINLESS,,
5ff6d67c9940ff1e736a3dbe,PV,,
6039544581771c11fe809444,Palazo,,gr
5ff61c3f984b93119ee08fa3,Pandarchon,,
5ff672d6ba75e41edff14a7c,PapaSean,,
60371f404a2bcd1d1ba02ca2,ParadoxBacon,,
5ff6d45f95ad3a0a9a1f6456,Parchy,,
5ff8afb2e3915011b110f842,Pat,,
5ff4b057984b93119ee088dd,Patches,,us
61a7fa8044023668b1602f60,Patriot52,,us
6008ac48c0bea36b7ac7278f,Pdx-Jedi-Ninja,,
6017682458e4661198e664dd,Pepper_Prophet,,
6038f923e0b8eb11f5d8741d,Pestario,,
5ff5ecdf5bdf2a1197cc478e,Pheidole Noda,,
5ff47f11fd124e11b18e170c,Phoenix1,,
607b062077b5c319f9263f5f,Pierre D3l3ct0,,
6008a67af16cbe131b82c373,Pierre_D3l3ct0,,
5ff79c5528c5981dce1e81ef,Pilot Error,,
5c8a944fdaf658031ffd9c5a,Pilot Hikaru,,
6090da44a961e64b052da21f,Pixel_AHS,,
616ce708bda3c053cdfb6c65,Plastic_Hippo,,us
5ff4cb8bba1b0c11a8f62044,Platonic Cavalry,,
601c8a125470fa2af29f517e,Plattapus11,,us
60281d1503b79d1bc3ee88f8,Plus,,
5ff4d2a2cfb32f1192b7eeed,PoSack,,
5ff662d9ba75e41edff149ab,Poly Cat,,
60088c016390746abac98c26,PowerPaladin,,
5ff76a3fd4da511e7f325987,Precipitator,,
5ff55bb7fba0401180fcdf9f,ProfAutumn,,us
5ff493df1548ce11847dd09b,Pseudo_nine,,us
601c5659e848ea2ae556603a,Psyren,,
5ff8058abd3cd51eeee6bb90,Quaker,,
60ef41d939839270f32b4fc7,RDMonz,,
5ff62ee8b0f6601ed6284d77,RED_ROOSTER,,
5ff5818763cc041186bbdb26,RadiantPrime,,ukwa
5ff66d97d4da511e7f3253e7,Ralph,,br
60943950934be111ac230a85,Rapido_Snake,,
5ff4d637ffbe666f1fae1fc7,Rasta-Ryz,,
5ff5d7253932db328e62a42f,Raustie,,
5ff6182609419e7852b9bcfc,Raven3ye,,
6008a8a7997f9d466432d28c,Razeak,,
6008859b5eb5c6460b143daa,RebelDiplomat,,
5ff66ac83679271deafb684d,Rebelpilot,,
5ff49fa4984b93119ee08800,Red,,
604e61dbada78048d937f958,Red Five,,br
5ff4b5948d443f7e3c62f7a3,Red Leader,,au
609526d4a961e64b052dbf60,RedBaron,,
5ff82a70cae4461196a1a659,RedKnight,,uk
5ff62bb86ceb5c1dd421f807,Rediac,,us
5552209bd7f4c14900f75ee3,Reflex,,us
60088306bcc5ed46373432fb,Rei of Frost,,
6052e4df2f728837fb568364,Reign1701A,,us
5ffdc31b15c3524644bb76ee,ReveDisker,,
60962280f3288e11b84115c8,Rhythm_EffEhEmm,,ca
60c32f414eb4ea25f5f5774d,RibStak,,us
604e5f0a7f72654b742c933a,Rick do CS,,br
60e30ccf78f6123d7538791a,Rico1kenobi,,
5ff4b4531548ce11847dd188,RinkyDinkis,,
5fbd601aa447ab4bb37e05f3,Rizgar,,uk
5e2770f3c08d5410711ce390,RoIyPoly,,
5ff6d98e9940ff1e736a3dc8,Robocoppola,,
5ff4a50663cc041186bbd4b3,Rogue,,
600f474d7db58845caaa0830,Rogue6629,,
583b42abb1e8d73f03a77dac,RogueOnasi,,
5ff8407a585b360a7e9cff0f,RogueSoldier4316,,
5ff51e89b8bc532a0b43c8a0,Roku,,
5ffc9c38fdc9f9119cd3ea8b,Romo123456767,,
6095400d0a6666119d69945e,RoninOfAces,,
60927cd7938bed74f6ee6a33,Rupture,,
5ffcff83997f9d4664329095,RyanTM,,
5ff656d88b84bd1ddd49deda,Rytackle,,
5ff8f6afd634be1181cf037f,Rythm,,
60f102e58847561158c92a1f,SISYPHISTJP,,
5ff484f6316d6111a07d5f8e,SQ,,us
6031eae0779ba92a87dbf53e,SR-Frostyflake,,us
5ff6451bd4da511e7f325204,SabaccMaster123,,
5ff7852127d2f30a84cbfb8b,Saber42,,us
5ffba97078a43b11c3db7bca,SailorJoeV,,us
6094365a533be611d5c27ff0,Sake,,
61413ba769009b6b814eaaf8,SamSoren,,
6094c3750d24dd11b0848bab,Samus08,,
5ff5975c316d6111a07d6684,Sandro,,uk
61a153345e5c0142822b9dc0,Satake,,de
5ff4b5e88d443f7e3c62f7a5,Saywah?,,uk
5ff4a6b7ba1b0c11a8f61ee9,ScalpWakka,,us
60088f38e5a00c465bb689dd,Scourge,,
6008c0e90a5b3c55c03b52d0,Scramblin_Man,,us
60010e0e88fa4d11e5465352,Scribbler,,us
5ff57d8b8d443f7e3c62fd8e,Scriiblr,,
5ff7b8ce8b84bd1ddd49edbd,Scurrdi,,
5b9be5ccf8d12a03a73f8ab5,SeLRa,,ch
604a16ad9b5406339b64c8f7,Seagod87,,it
60499079a988aa3614ae5272,Senor_Cabesa,,
60845c694217ba11a9a5bcb2,Seronic,,
5ff4d4e6cc1f0b11b8c4c6f0,SewerBass,,
5ff5e1e7316d6111a07d6821,Shadow488,,
543fd5ed1ccc39e045d4cf0a,Sharkkangaroo,,
60954312f5d2ed11a408c71e,Sharper,,
5e8115b7889dce107fa81d37,Shawn,,
5d3f9fa3f804d851016edf83,ShazamPowers,,us
6001d56f0a5b3c55c03b32b1,Shinob156,,us
5ff4d5c6b8bc532a0b43c6ec,Shmoosly,,us
5ff7fbec20c23111fa32230a,Shnigel,,
58d6a649b96de93a032b7920,Shoob,,
5ff6326d7315631e666a61a7,Shrugmaster / Neon,,
60088f6be5a00c465bb689df,SiecoSie,,
6009c6f19e4f29580d32c225,Silvertip,,
60014194e00ec0119d5c2c8d,Sir Sif,,
608681b31cea7542a5c24943,Sirius A,,
600887c4c0bea36b7ac725b1,Sirloin,,
5ff7815db0f6601ed628552d,Sitka,,ca
5ff7462e95ad3a0a9a1f662c,Six,,
5ff66a8e3679271deafb684b,Six-Six Sheep,,
604cd365a6afa64b6eba53d7,SkadiFox,,uk
5ff4c9f7316d6111a07d628d,Skell,,
5ffd33e7fc96ba462bea9e48,Sleazus925,,
603a7ed081771c11fe809d2a,Smiley,,
5ff797a9737cc91ece843c93,Smith,,
5ff7df208b70a211e40368a7,Sneesh,,
5ff70ea57315631e666a67fc,Snookie986,,
6196b59ac571d329771d81c7,Space Sheriff,,
60370b8e69729e2ae360f781,Spade,,
6008b0e944c0d330cf76d13d,Sparks,,
60395ed5b328151e11b8fe6c,Speeedoflight,,
5ff6689027d2f30a84cbf64b,Spinnaker,,
5ff78dd76ceb5c1dd42201ae,Spinner,,
60491761f75e9641c2446e3e,SpooneyToe11240,,us
6115d5728ad8c511ab06848c,Spoonman,,
5ff918f0cae4461196a1aafe,SquidMortem,,
5ff64cae737cc91ece843556,SquisheeBall,,
6113437271715b5f4fdfc1e5,Staffycat,,au
5ff625f58b84bd1ddd49dcee,StarFox7652,,
5ff494d1ba1b0c11a8f61e77,Stardewd,,at
60752f3041ecb302b52146cc,Stardust89,,
5ffa79ab359a873d53e55f08,StardustMirage,,
5ff6055effbe666f1fae276b,Starslinger72,,us
5ff49a6fcc1f0b11b8c4c53f,Sticks,,uk
5f6a006f2f2a2b7a5aba16d6,Stimraug,,
5ff5c3965bdf2a1197cc46f9,StygianKnights,,
5ff47db0d749de11a024d1fe,Submh0,,us
5ff681c6d4da511e7f325459,SuburbanDuke,,
6026cbb4e9712c7839e5febe,Sundance9,,
6007d76e44c0d330cf76cae4,Sunset_cyber,,
6025e220f76a6e11a624e3c1,Sunshine,,
60f0cdd51503c21169a4e2d3,SuperKev,,ca
605126faada78048d9380fdb,SuperSic_92,,
5ff60e9f8d443f7e3c630549,Swift,,us
5ff4f8fdfba0401180fcdc90,T2aSH,,
6094c46c0a6666119d6992f3,TEAMSTERS,,
5ffa3eab8b84bd1ddd49f96e,Taco,,
619e44b455cb442f9011c1fb,Talorien,,
6025dd8508d6c576f708549d,Tanno,,
606e43f2fe869e35919313f2,Taras Bulba,,
6094b1126b1bd811c547f128,TartanButtocks,,
5c71edd55ea468033cd940b5,Tastybites,,us
604fca86403e2d4adec4cf07,Taurus,,de
5abfc8712792e3034ed18a5c,TechSoup,,us
5ffe3eff15c3524644bb7bb3,Techie10k,,
5ff745d527d2f30a84cbf936,Tedarknight,,
5ff7ab6eafb13c11faafd05e,TekJono,,
5ffb93c2f85519119c6ee1bd,Tempest,Tempest (UK Player),uk
6048dda46344313ddd41e62f,Teo Garret,,
5ffd067c5eb5c6460b13fe88,Thanatos,,
5ff6adfd6ceb5c1dd421fbd5,The Besticles,,
616865ad1f331b28f147b8ac,The Howler,,us
5ff61f37ba1b0c11a8f62b28,The Johnson,,us
5ff50521d749de11a024d75a,The Law46,,
5ff47f0ecfb32f1192b7ed3d,The Sheriff,,uk
5ff6216dffbe666f1fae2858,TheBlackxRanger,,
57295b444f24b67d1229d977,TheDuncTank,,
5ff4ba4d316d6111a07d621d,TheFanboy7,,
60927ad172a5c762ca43dc98,TheFlyingChilly,,uk
60c00dcd35e1df4292c03dcc,TheFlyingChilly,,uk
619e9f72729ee24053dc89e4,TheFlyingPadme,,de
593c130ffab5280340e48922,TheGreatFredd,,
619e8603f722e918667508ae,TheL4W,,de
5ff4c31a1548ce11847dd271,ThePhantomGoon,,
60089f24f16cbe131b82c34d,TheRealSlimPanda,,
60f2fc5486f3161152df8957,TheSausage,,us
5ff589d08d443f7e3c62fdad,TheSlickSnik,,
5ff8afd2d4da511e7f325ed5,The_77_warrior,,
5ff651649940ff1e736a3b8d,The_Horr0r,,ca
5cdcf2f814a8790361003f1d,Three,,
5ff7eac5f85519119c6ecf12,Tiberius Zahn,,
6171c08721ddda53bbf74066,TigerMask29,,it
6036337c67b58f1e0419504e,Tokfrans,,
5ff659e96ecbf60a8d0f6e61,TommyTubboville,,
603a8f586e40911bb679e179,Traim,,
5ff4da3a984b93119ee089ad,Trapstar,,ca
5ff48658cc1f0b11b8c4c504,Trev,,us
606f00d546fbe9181510156e,Trevorevenge,,
5ff67de36ecbf60a8d0f6f3b,TrueJedi,,
5ff4b5ddb8bc532a0b43c5f6,Twigs,,
60954c204715e911a81aa69c,USAT_SPINSERVE,,
5ff620d0d749de11a024dceb,Uber,,
600887afc0bea36b7ac725af,Uber,,
60917abbcf99e72a16a97c51,UmbasaMufasa,,
6027343495780078daf42aa7,Umbrella_Corp,,
6094ac376b1bd811c547f11a,Unversed,,
5ffc5e0495ad3a0a9a1f790a,Uray028,,
5ff474c8cfb32f1192b7ecfc,V a l l o,,de
5ff68ac9ba75e41edff14c57,VMethos,,
600882e4a299156a63c88b90,Valenheart,,
6089af535652d811a322da55,Valor_01,,
6090753cc8543a1195afa3fa,Valor_03,,
608ab44dbc14c611ca7cbf1d,Valor_05,,
608a2f1cdc51de7852c0d5ff,Valor_07,,
6089ea7d5652d811a322dda1,Valor_08,,
6094e547fed58511dbb0a9fa,Valor_09,,
608dbcaf938bed74f6ee5003,Valor_10,,
6084951d934be111ac22978d,Vamp1718ire,,
605605fdf6028e1485e62792,Varkas,,
5ff7b89b29f2f611b644ab6f,VectorVictor,,
6025deec713f29117f8d0d03,Vellian,,us
5ff4d44afba0401180fcdbbe,Verain,,
5ff7887828c5981dce1e8098,Verti,,
60c117a7e85649209c21a6c4,Vianna_AHS,,
5ff4f075ba1b0c11a8f62131,VicsYeah,,mx
617404f14c39ba28ebf30c54,Viger_Lucid,,us
60f2286ceca04d114e00c453,Volraith,,
6075dd3154e22933543fc8d2,Voltaire,,
5ff8f02bd6897111e7ba92a6,Vox Metzer Bray,,
6052e731699aa107918b6d1d,WafflePotato,,
5ff866d38b383a1e5798b9dd,Warender,,
60a6bcda772cff74717abd94,Warender,,
6036ebf8165e911e7771d770,Warriot,,
5ffbaa14aae4d311a5829a6f,Waterdragon2231,,
614605a3b17c9a1b22fd0e3b,Wedge,,us
607ade15f8eace11a2645b11,WedgeAntilles,,
61a04764129eda33523249df,Whatbrick,,ca
60391868a4a3f111939e41c5,WhatsUpDock,,
6053ab9403ef4e1385f4ccd4,WhipCreamBelly,,us
5ff4cea463cc041186bbd5d6,Whistleingbird,,de
5ffbab229acc0f659a39a48b,White wolf,,
5ff47c82fba0401180fcd9ce,William Fogg,,
617579ce6cecdc0bd33017c2,WingmanAleRaiser,,fr
60e337f186801c11896069f5,Witch Doctor,,
60950df198e50e11be1d10b9,Witcher,,
5c47a173a102a307041f3893,Wolfen,,
602163df81c10076719dd76d,WolfoFacts,,us
5ffb7e245c338011de35df87,Wolfsfang,,
6079af64c75b3f32bc89e984,Wolvie,,
6095375ae4dc1e11b8eee128,Wreckage,,
6094c30c2a65fd118e280cde,Wurk,,
608b6d70a3b9bc11dc4f4d22,WyckedWays,,
5ff77cbdba75e41edff15122,Xaython,,
5ff82a7d3679271deafb6f53,Xplosive,,
60954b854715e911a81aa696,Xye,,
60009a14d9155d46db7f40fb,Yallia-srw,,
5ff95350d6897111e7ba946b,Yco,,
6038f7149f5d1f1e86161265,Yesrurrak,,
5ff76edf3679271deafb6bba,Yoku,,us
6167f5a7321b8c1f3006ff91,Yub Nub,,it
5ff5f4473af00561eb8c01b7,Zastre,,
5b3c3c48ca518a03c4b36209,ZephyrFlare,,
5ff666878b84bd1ddd49df3c,Zerith,,us
5ff6c2efba75e41edff14d27,Zoltar,,
6039246d5cb7cd11a2a70a2f,Zoso-six,,
6141698369009b6b814eabf8,Zug Zug,,
5ff623d028c5981dce1e76d3,aCheerfulDoom,,
60873a5a46fbe9181510c65e,actjksn,,
5ff48b6c3932db328e629abb,akerasi,,us
5ce57f6e45ad8603529dc2ed,alexandermpowers,,
61a978ecf86cc3485b1c31de,alter_ihygo,,ca
5ff5005c1548ce11847dd40c,andrewseely,,
6173f7808386146c38e99511,angeleras14,,fr
6054c50f871ed711f42f74be,antistellar,,
5ff4a0615bdf2a1197cc4151,apogeo,,
60710eeaef449e2156a61e88,attentaeter7,,
6049b7880b0242419dc62ff0,babyseal,,
5ff55e00fba0401180fcdfa2,barisaxbro,,
5ff783466ecbf60a8d0f72b4,beach-89,,
61159a2ad20cfa1de5dcb4d8,beryl831,,
60088685d9155d46db7f675a,bgFish,,
60e6eaf60c9c9b4d57035ca9,bi0mech81,,
609559ff3850d411be7258a1,binbunga,,
5fbf4356043fd20cdf90d518,boiimakillu,,
60edfb141851290c39526fe6,brrdbrain,,
5ff5f7adcc1f0b11b8c4cbaa,c0fff,,
6048a1a96344313ddd41e125,caterpi3,,it
6019e24ef4761b1d98293a0b,ciurlo,,
611539a73dbcdf2ea27140d2,cocoa_L10N,,jp
5ffbda03afb13c11faafe0d3,comm_ash,,us
6038f9827a7fc7118ebabf21,commuterzombie,,
5ff67225bd3cd51eeee6b5b7,coralvanda,,
5ffbaaeaf3e39311c6cf0147,crayzd,,us
6008eebcb5b27d581ed9e81a,critchit,,
5ff74b66fe19eb1e8de67987,crouchingtaco,,
5ff82a379940ff1e736a4368,d4yz,,uk
6074738b99c79405c9442485,dagreenthing,,uk
6085bcf7c2a5fa119d11cb06,daidog92,,
5ff4b461ffbe666f1fae1ef6,darkkrieg,,us
619702f65943da42335c31df,deddawg,,
5ff7aa8e8b84bd1ddd49ed85,duoid,,
5aec99362c2eed03aec5e642,e.Qu4LitY-Dr4ke,,
5ff4c012316d6111a07d625b,ePapa,,us
5ff79810585b360a7e9cfd10,escapp,,us
6024243b263dca76ea5cbdc6,estevez123fc,,
61a15d925943da42335c5ee5,fabianHUNTER,,de
5ff742fc95ad3a0a9a1f6599,fighterjet,,
60956670938bed74f6ee7e6d,fr0Zen,,
5ff989fe4f69bb119bf636e8,geo,,
5ffba7a495462811ac111cb7,geo_hazard,,
60009c7a21dcf746cc8d20bb,gilbertsaurus,,
5ff66248737cc91ece843600,hank,,
5ff5f6ad5bdf2a1197cc4812,harmon24,,
5ffe8b1f44c0d330cf7691c3,hiddengecko,,us
6019fecc8989bb1d0ffd200e,hippiewagon,,
6198c8aecec81d6a1b5a7ea6,humunkulus,,de
6091569ca0dc303c7a4079bb,iLorhin,,us
5ff6320ad4da511e7f32514e,iRazgriz,,
5ff48196d749de11a024d217,icegawd,,
6008938d744b0a6b0b499f58,jospence,,us
5ffbb725d6897111e7ba9ea3,jsdrdo,,
5ff631516ceb5c1dd421f89d,k1ngofcr0ws,,
5ff486273932db328e629a9e,libenski,,
5ff685586ceb5c1dd421fb02,link0,,
5ff546bdcc1f0b11b8c4c924,lizardwizard,,us
6008ba56eb669255d039b8ab,lnfinityLoop,,
600311d0d9155d46db7f4b02,loserkid,,de
5ff675d97935c01e6ddbaa96,m4gyk,,
5ff482c01548ce11847dd035,maestro_2000x,,us
6094c31798e50e11be1d0f5e,mate,,
5c30ac4b4b70c40702e554e4,melon_130,,uk
600885993138396b94fd70b6,mikep192,,
5ff7a4fe29f2f611b644ab45,misterhandycap,,
5ff4f23e316d6111a07d638f,nop,,us
5ff62ee4fe19eb1e8de6733d,oo K2D2 oo,,
60031f0c8a5fb21198580ca2,opyner,,
5ff4d961cc1f0b11b8c4c70c,oss,,
601c2bbd8989bb1d0ffd2b4a,peda,,
5ff649c427d2f30a84cbf4cd,poiboi,,us
600112cbe5a00c465bb665ac,punkUser,,
5ff7fc6d6ecbf60a8d0f7502,quinntessence,,us
604f4711ca524d17e0c07fe0,rafael4cordas,,br
603a758bfe4fb811b3168121,rahaneyo,,
5ff4d96463cc041186bbd66d,raith,,
604c450ed306fd177a85e74d,ratamaq,,us
5ff54a73cc1f0b11b8c4c92c,richardwille1,,us
605600e44b1d375ccdc13220,rockinsaki,,
61a9ca5344023668b16036d5,rod409,,us
5ffcf292bcc5ed463733edf3,rsmarmolejo,,
6145fd017875252b4341cc75,saabotage,,us
6091a2c5a961e64b052da717,saberpowers4,,
60955d72980c9b122a48e08c,sbsRenako,,
5ff77edb27d2f30a84cbfb50,spicerunner,,
6094c2f91708cc7b8154c473,spirit,,
60f0a726fe3c1b5f722436fc,succhialce,,us
5ff50a04b8bc532a0b43c83f,symbolsix,,
5c71c78280717d0313b47092,syntheticmuffin,,
5c828e25a55e03035819e040,timebomb,,us
611782021cc7961daf52a1f2,torutaka522,,jp
5ff7a83b5c338011de35cf22,tunabreath,,ca
5ff4e6123932db328e629da2,turnup_turnip,,us
6094b118cf99e72a16a9969e,tyler,,
6094c5643850d411be72560d,uP,,
5ff933a4fe19eb1e8de681b9,w4stedspace,,uk
617494745083b41146ea2c42,wasaiwarrior,,us
6070abfa7230f532c2266048,wookie9c,,uk
6093fda2ef449e2156a71d76,x66_BottiRichard,,it
5ffe6f32997f9d4664329941,xXChaimerXx,,
5ff82d15ba75e41edff153b4,zingggre,,
5ff4c2a9b8bc532a0b43c66d,zultri,,us
5ff4aeaa8d443f7e3c62f780,zyphaz,,us
61416479535b6677179947e7,Âskeladd,,
